"f1gpLabel","driverName"
"1979 Austrian Grand Prix","Alan Jones"
"1980 British Grand Prix","(MBE)"
"1952 French Grand Prix","Alberto Ascari"
"1953 Belgian Grand Prix","Alberto Ascari"
"1972 Belgian Grand Prix","Emerson Fittipaldi"
"1968 Monaco Grand Prix","Graham Hill"
"1968 German Grand Prix","Jackie Stewart"
"1970 Spanish Grand Prix","Jackie Stewart"
"1970 Austrian Grand Prix","Jacky Ickx"
"1976 German Grand Prix","James Hunt"
"1977 United States Grand Prix","James Hunt"
"1963 Mexican Grand Prix","(OBE)"
"1963 Mexican Grand Prix","Jim Clark"
"1957 Pescara Grand Prix","Stirling Moss"
"1965 Australian Grand Prix","Bruce McLaren"
"1950 Bari Grand Prix","Giuseppe Farina"
"2003 European Grand Prix","Ralf Schumacher"
"1964 Mexican Grand Prix","Dan Gurney"
"1979 British Grand Prix","Clay Regazzoni"
"1980 Austrian Grand Prix","Jean-Pierre Jabouille"
"1946 Nice Grand Prix","Luigi Villoresi"
"1986 Pau Grand Prix","Mike Thackwell"
"1950 Jersey Road Race","Peter Whitehead"
"1957 Indianapolis 500","Sam Hanks"
"1961 Aintree 200","Jack Brabham"
"1959 Monaco Grand Prix","Jack Brabham"
"1966 Dutch Grand Prix","Jack Brabham"
"1967 French Grand Prix","Jack Brabham"
"1978 Canadian Grand Prix","Gilles Villeneuve"
"1970 British Grand Prix","Jochen Rindt"
"1951 French Grand Prix","Juan Manuel Fangio"
"1975 Monaco Grand Prix","Niki Lauda"
"1976 Brazilian Grand Prix","Niki Lauda"
"2012 Japanese Grand Prix","Sebastian Vettel"
"2010 New Zealand Grand Prix","Earl Bamber"
"1980 French Grand Prix","Alan Jones"
"1988 British Grand Prix","Ayrton Senna"
"1990 Italian Grand Prix","Ayrton Senna"
"1991 Monaco Grand Prix","Ayrton Senna"
"1991 Canadian Grand Prix","Nelson Piquet"
"1985 South African Grand Prix","(CBE)"
"1999 Malaysian Grand Prix","Eddie Irvine"
"2002 Malaysian Grand Prix","Ralf Schumacher"
"1994 Belgian Grand Prix","Damon Hill"
"1995 Australian Grand Prix","(OBE)"
"1995 San Marino Grand Prix","Damon Hill"
"1996 Argentine Grand Prix","Damon Hill"
"1996 French Grand Prix","Damon Hill"
"1983 British Grand Prix","Alain Prost"
"1983 French Grand Prix","Alain Prost"
"1990 British Grand Prix","Alain Prost"
"1993 San Marino Grand Prix","Alain Prost"
"1996 European Grand Prix","Jacques Villeneuve"
"1994 Pacific Grand Prix","Michael Schumacher"
"1995 Pacific Grand Prix","Michael Schumacher"
"1997 Canadian Grand Prix","Michael Schumacher"
"1997 Monaco Grand Prix","Michael Schumacher"
"2000 Italian Grand Prix","Michael Schumacher"
"2001 Malaysian Grand Prix","Michael Schumacher"
"2002 French Grand Prix","Michael Schumacher"
"1984 Italian Grand Prix","Niki Lauda"
"1985 Dutch Grand Prix","Niki Lauda"
"1983 South African Grand Prix","Riccardo Patrese"
"1991 Mexican Grand Prix","Riccardo Patrese"
"1985 San Marino Grand Prix","Elio de Angelis"
"1999 Belgian Grand Prix","David Coulthard"
"2000 British Grand Prix","David Coulthard"
"1972 International Gold Cup","Denny Hulme"
"1968 BRDC International Trophy","(OBE)"
"1965 BRDC International Trophy","Jackie Stewart"
"1967 New Zealand Grand Prix","Jackie Stewart"
"1963 International Gold Cup","(OBE)"
"1963 Kanonloppet","(OBE)"
"1964 Solitude Grand Prix","Jim Clark"
"1967 Spanish Grand Prix","Jim Clark"
"1963 Imola Grand Prix","Jim Clark"
"1963 Mediterranean Grand Prix","John Surtees"
"1958 Glover Trophy","Mike Hawthorn"
"2004 Italian Grand Prix","Rubens Barrichello"
"1936 German Grand Prix","Bernd Rosemeyer"
"1927 Spanish Grand Prix","Robert Benoist"
"1929 Monaco Grand Prix","William Grover-Williams"
"1972 Brazilian Grand Prix","Carlos Reutemann"
"2009 Malaysian Grand Prix","Jenson Button"
"2018 Italian Grand Prix","Lewis Hamilton"
"2018 Japanese Grand Prix","Lewis Hamilton"
"2015 Bahrain Grand Prix","Lewis Hamilton"
"2012 Canadian Grand Prix","Lewis Hamilton"
"2012 Italian Grand Prix","Lewis Hamilton"
"2016 Hungarian Grand Prix","Lewis Hamilton"
"2016 Monaco Grand Prix","Lewis Hamilton"
"2017 Japanese Grand Prix","Lewis Hamilton"
"2018 Russian Grand Prix","Lewis Hamilton"
"2020 Bahrain Grand Prix","Lewis Hamilton"
"2012 British Grand Prix","Mark Webber"
"1937 German Grand Prix","Rudolf Caracciola"
"1937 Swiss Grand Prix","Rudolf Caracciola"
"1937 San Remo Grand Prix","Achille Varzi"
"1931 French Grand Prix","Achille Varzi"
"1961 Syracuse Grand Prix","Giancarlo Baghetti"
"1964 Mediterranean Grand Prix","Jo Siffert"
"1934 Italian Grand Prix","Luigi Fagioli"
"1966 South African Grand Prix","Mike Spence"
"1930 French Grand Prix","Philippe Étancelin"
"2005 United States Grand Prix","Michael Schumacher"
"1932 French Grand Prix","Tazio Nuvolari"
"2015 Mexican Grand Prix","Nico Rosberg"
"2016 European Grand Prix","Nico Rosberg"
"2013 British Grand Prix","Nico Rosberg"
"2018 Canadian Grand Prix",""
"2012 Indian Grand Prix","Sebastian Vettel"
"2012 Singapore Grand Prix","Sebastian Vettel"
"2019 Singapore Grand Prix","Sebastian Vettel"
"2013 Abu Dhabi Grand Prix",""
"2013 Indian Grand Prix",""
"2013 Korean Grand Prix",""
"2010 Abu Dhabi Grand Prix","Sebastian Vettel"
"1957 Australian Grand Prix","Lex Davison"
"1959 Australian Grand Prix","Stan Jones"
"2021 Styrian Grand Prix","Max Verstappen"
"2019 Brazilian Grand Prix","Max Verstappen"
"1950 German Grand Prix","Alberto Ascari"
"1972 Italian Republic Grand Prix","Emerson Fittipaldi"
"1965 Sunday Mirror Trophy","(OBE)"
"2008 Spanish Grand Prix","Kimi Räikkönen"
"1958 Pau Grand Prix","Maurice Trintignant"
"1973 Pau Grand Prix","François Cevert"
"1960 Glover Trophy","Innes Ireland"
"2020 Belgian Grand Prix","Lewis Hamilton"
"1975 Race of Champions","Tom Pryce"
"1985 Pau Grand Prix","Christian Danner"
"1957 Caen Grand Prix","Jean Behra"
"1975 Japanese Grand Prix","Masahiro Hasemi"
"1972 Pau Grand Prix","Peter Gethin"
"1983 Australian Grand Prix","Roberto Moreno"
"1959 Silver City Trophy","Ron Flockhart"
"1962 Brussels Grand Prix","Willy Mairesse"
"2008 Canadian Grand Prix","Robert Kubica"
"2019 New Zealand Grand Prix","Liam Lawson"
"2021 Azerbaijan Grand Prix","Sergio Pérez"
"1933 Penya Rhin Grand Prix","Juan Zanelli"
"70th Anniversary Grand Prix",""
"70th Anniversary Grand Prix","Max Verstappen"
"2020 Abu Dhabi Grand Prix",""
"2020 Abu Dhabi Grand Prix","Max Verstappen"
"1976 Austrian Grand Prix","(MBE)"
"1950 Penya Rhin Grand Prix","Alberto Ascari"
"1968 Italian Grand Prix","(OBE)"
"1968 Italian Grand Prix","Denny Hulme"
"1973 Swedish Grand Prix","Denny Hulme"
"1962 Italian Grand Prix","Graham Hill"
"1962 South African Grand Prix","Graham Hill"
"1969 Monaco Grand Prix","Graham Hill"
"1965 Italian Grand Prix","Jackie Stewart"
"1972 Canadian Grand Prix","Jackie Stewart"
"1973 German Grand Prix","Jackie Stewart"
"1973 Monaco Grand Prix","Jackie Stewart"
"1962 Aintree 200","(OBE)"
"1968 Australian Grand Prix","(OBE)"
"1961 Natal Grand Prix","Jim Clark"
"1963 French Grand Prix","Jim Clark"
"1963 South African Grand Prix","(OBE)"
"1965 Belgian Grand Prix","(OBE)"
"1965 Dutch Grand Prix","(OBE)"
"1967 British Grand Prix","(OBE)"
"1974 Swedish Grand Prix","Jody Scheckter"
"1977 Canadian Grand Prix","Jody Scheckter"
"1966 Belgian Grand Prix","John Surtees"
"1978 Spanish Grand Prix","Mario Andretti"
"1956 Monaco Grand Prix","Stirling Moss"
"1960 Monaco Grand Prix","Stirling Moss"
"1962 Monaco Grand Prix","Bruce McLaren"
"1968 Belgian Grand Prix","Bruce McLaren"
"1953 German Grand Prix","Giuseppe Farina"
"1960 Buenos Aires Grand Prix","Maurice Trintignant"
"1964 Daily Mirror Trophy","Innes Ireland"
"1947 French Grand Prix","Louis Chiron"
"1976 United States Grand Prix West","Clay Regazzoni"
"1959 Dutch Grand Prix","Jo Bonnier"
"1950 Albi Grand Prix","Louis Rosier"
"1985 Mediterranean Grand Prix","Mike Thackwell"
"1958 Belgian Grand Prix","Tony Brooks"
"1962 Danish Grand Prix","Jack Brabham"
"1950 Belgian Grand Prix","Juan Manuel Fangio"
"1954 Argentine Grand Prix","Juan Manuel Fangio"
"1955 Italian Grand Prix","Juan Manuel Fangio"
"1957 French Grand Prix","Juan Manuel Fangio"
"2004 Australian Grand Prix","Michael Schumacher"
"2004 Bahrain Grand Prix","Michael Schumacher"
"1988 German Grand Prix","Ayrton Senna"
"1992 Monaco Grand Prix","Ayrton Senna"
"1993 Brazilian Grand Prix","Ayrton Senna"
"1983 European Grand Prix","Nelson Piquet"
"1986 Italian Grand Prix","Nelson Piquet"
"1987 German Grand Prix","Nelson Piquet"
"1987 Austrian Grand Prix","Nigel Mansell"
"1992 Spanish Grand Prix","Nigel Mansell"
"1995 British Grand Prix","Johnny Herbert"
"1980 Monaco Grand Prix","Carlos Reutemann"
"2003 Brazilian Grand Prix","Giancarlo Fisichella"
"1980 German Grand Prix","Jacques Laffite"
"1983 Dutch Grand Prix","René Arnoux"
"1993 Hungarian Grand Prix","(OBE)"
"1996 Australian Grand Prix","(OBE)"
"1996 Japanese Grand Prix","(OBE)"
"1996 Japanese Grand Prix","Damon Hill"
"1998 Belgian Grand Prix","(OBE)"
"1986 San Marino Grand Prix","Alain Prost"
"1989 French Grand Prix","Alain Prost"
"1995 Monaco Grand Prix","Michael Schumacher"
"1998 French Grand Prix","Michael Schumacher"
"1998 Italian Grand Prix","Michael Schumacher"
"1999 San Marino Grand Prix","Michael Schumacher"
"2001 Monaco Grand Prix","Michael Schumacher"
"2002 British Grand Prix","Michael Schumacher"
"1998 Australian Grand Prix","Mika Häkkinen"
"1998 German Grand Prix","Mika Häkkinen"
"1984 South African Grand Prix","Niki Lauda"
"2000 French Grand Prix","David Coulthard"
"2005 Malaysian Grand Prix","Fernando Alonso"
"2006 Bahrain Grand Prix","Fernando Alonso"
"2012 European Grand Prix","Fernando Alonso"
"2005 Chinese Grand Prix","Fernando Alonso"
"1962 International Gold Cup","Jim Clark"
"1964 Solitude Grand Prix","(OBE)"
"1961 Kanonloppet","Stirling Moss"
"1968 Race of Champions","Bruce McLaren"
"1964 New Zealand Grand Prix","Bruce McLaren"
"1968 New Zealand Grand Prix","Chris Amon"
"2010 Australian Grand Prix","Jenson Button"
"2020 Hungarian Grand Prix","Lewis Hamilton"
"2018 Azerbaijan Grand Prix","Lewis Hamilton"
"2014 Bahrain Grand Prix","Lewis Hamilton"
"2021 Bahrain Grand Prix","Lewis Hamilton"
"1931 German Grand Prix","Rudolf Caracciola"
"1931 French Grand Prix",""
"1950 Buenos Aires Grand Prix","Luigi Villoresi"
"1984 Pau Grand Prix","Mike Thackwell"
"1963 Austrian Grand Prix","Jack Brabham"
"1960 Silver City Trophy","Jack Brabham"
"2006 French Grand Prix","Michael Schumacher"
"1938 Italian Grand Prix","Tazio Nuvolari"
"2015 Monaco Grand Prix","Nico Rosberg"
"2016 Italian Grand Prix","Nico Rosberg"
"2014 Monaco Grand Prix","Nico Rosberg"
"2017 Australian Grand Prix",""
"2011 European Grand Prix",""
"2011 Indian Grand Prix","Sebastian Vettel"
"2011 Spanish Grand Prix","Sebastian Vettel"
"2012 Bahrain Grand Prix","Sebastian Vettel"
"2013 Bahrain Grand Prix",""
"2013 German Grand Prix","Sebastian Vettel"
"1939 French Grand Prix","Hermann Paul Müller"
"1938 German Grand Prix","Richard Seaman"
"2017 Austrian Grand Prix","Valtteri Bottas"
"2018 Mexican Grand Prix",""
"2021 New Zealand Grand Prix","Shane van Gisbergen"
"1961 Pau Grand Prix","Jim Clark"
"1978 BRDC International Trophy","Keke Rosberg"
"1958 BARC Aintree 200","Stirling Moss"
"2010 Turkish Grand Prix","Lewis Hamilton"
"2021 São Paulo Grand Prix","Lewis Hamilton"
"2020 Eifel Grand Prix","Lewis Hamilton"
"1965 Race of Champions","Mike Spence"
"1948 Pau Grand Prix","Nello Pagani"
"1961 London Trophy","Roy Salvadori"
"1960 Pau Grand Prix","Jack Brabham"
"2011 New Zealand Grand Prix","Mitch Evans"
"2014 Austrian Grand Prix","Nico Rosberg"
"1970 New Zealand Grand Prix","Frank Matich"
"2019 Pau Grand Prix","Billy Monger"
"2021 Hungarian Grand Prix","Esteban Ocon"
"2021 Austrian Grand Prix","Max Verstappen"
"1977 Austrian Grand Prix","Alan Jones"
"1979 Dutch Grand Prix","(MBE)"
"1980 British Grand Prix","Alan Jones"
"1974 Argentine Grand Prix","Denny Hulme"
"1974 Belgian Grand Prix","Emerson Fittipaldi"
"1974 Brazilian Grand Prix","Emerson Fittipaldi"
"1964 Monaco Grand Prix","Graham Hill"
"1969 South African Grand Prix","Jackie Stewart"
"1971 British Grand Prix","Jackie Stewart"
"1968 French Grand Prix","Jacky Ickx"
"1971 Dutch Grand Prix","Jacky Ickx"
"1975 Dutch Grand Prix","James Hunt"
"1963 Dutch Grand Prix","(OBE)"
"1965 French Grand Prix","Jim Clark"
"1965 German Grand Prix","(OBE)"
"1979 Belgian Grand Prix","Jody Scheckter"
"1969 Australian Grand Prix","(MBE)"
"1973 French Grand Prix","Ronnie Peterson"
"1974 Austrian Grand Prix","Carlos Reutemann"
"1978 British Grand Prix","Carlos Reutemann"
"1967 Race of Champions","Dan Gurney"
"1967 Belgian Grand Prix","Dan Gurney"
"1979 Brazilian Grand Prix","Jacques Laffite"
"1973 British Grand Prix","Peter Revson"
"1951 Bordeaux Grand Prix","Louis Rosier"
"1956 Belgian Grand Prix","Peter Collins"
"1962 Cape Grand Prix","Trevor Taylor"
"1970 Monaco Grand Prix","Jochen Rindt"
"1957 Argentine Grand Prix","Juan Manuel Fangio"
"1974 Dutch Grand Prix","Niki Lauda"
"1974 Spanish Grand Prix","Niki Lauda"
"1975 Swedish Grand Prix","Niki Lauda"
"1975 United States Grand Prix","Niki Lauda"
"2012 Japanese Grand Prix",""
"2003 Australian Grand Prix","David Coulthard"
"1981 British Grand Prix","John Watson"
"1990 United States Grand Prix","Ayrton Senna"
"1992 Hungarian Grand Prix","Ayrton Senna"
"2001 Italian Grand Prix","Juan Pablo Montoya"
"1983 Italian Grand Prix","Nelson Piquet"
"1987 Italian Grand Prix","Nelson Piquet"
"1985 South African Grand Prix","Nigel Mansell"
"1987 Austrian Grand Prix","(CBE)"
"1987 British Grand Prix","(CBE)"
"1990 Portuguese Grand Prix","(CBE)"
"1992 French Grand Prix","(CBE)"
"1992 Mexican Grand Prix","(CBE)"
"1992 South African Grand Prix","(CBE)"
"1999 German Grand Prix","Eddie Irvine"
"1987 Japanese Grand Prix","Gerhard Berger"
"1994 Portuguese Grand Prix","Damon Hill"
"1981 Monaco Grand Prix","Gilles Villeneuve"
"1981 Spanish Grand Prix","Gilles Villeneuve"
"1983 Belgian Grand Prix","Alain Prost"
"1985 Austrian Grand Prix","Alain Prost"
"1985 Brazilian Grand Prix","Alain Prost"
"1986 Australian Grand Prix","Alain Prost"
"1986 Austrian Grand Prix","Alain Prost"
"1986 Monaco Grand Prix","Alain Prost"
"1987 Belgian Grand Prix","Alain Prost"
"1990 Mexican Grand Prix","Alain Prost"
"1995 European Grand Prix","Michael Schumacher"
"1998 Brazilian Grand Prix","Mika Häkkinen"
"1985 German Grand Prix","Michele Alboreto"
"1998 San Marino Grand Prix","David Coulthard"
"1999 Belgian Grand Prix","(MBE)"
"1999 British Grand Prix","David Coulthard"
"2000 Pau Grand Prix","Jonathan Cochet"
"1951 San Remo Grand Prix","Alberto Ascari"
"2013 Chinese Grand Prix","Fernando Alonso"
"2010 Bahrain Grand Prix","Fernando Alonso"
"1976 BRDC International Trophy","James Hunt"
"1962 Rand Grand Prix","(OBE)"
"2005 Italian Grand Prix","Juan Pablo Montoya"
"2005 Spanish Grand Prix","Kimi Räikkönen"
"2009 European Grand Prix","Rubens Barrichello"
"1958 Caen Grand Prix","Stirling Moss"
"1936 Swiss Grand Prix","Bernd Rosemeyer"
"2012 New Zealand Grand Prix","Nick Cassidy"
"2005 Australian Grand Prix","Giancarlo Fisichella"
"2006 Malaysian Grand Prix","Giancarlo Fisichella"
"1961 Solitude Grand Prix","Innes Ireland"
"1960 Lombank Trophy","Innes Ireland"
"2018 Spanish Grand Prix","Lewis Hamilton"
"2019 Canadian Grand Prix","Lewis Hamilton"
"2019 Monaco Grand Prix","Lewis Hamilton"
"2019 Russian Grand Prix","Lewis Hamilton"
"2014 British Grand Prix","Lewis Hamilton"
"2021 Spanish Grand Prix","Lewis Hamilton"
"1931 Monaco Grand Prix","Louis Chiron"
"2009 German Grand Prix","Mark Webber"
"1938 Swiss Grand Prix","Rudolf Caracciola"
"1934 Italian Grand Prix","Rudolf Caracciola"
"1925 Belgian Grand Prix","Antonio Ascari"
"1981 Pau Grand Prix","Geoff Lees"
"1972 World Championship Victory Race","Jean-Pierre Beltoise"
"1957 Pau Grand Prix","Jean Behra"
"1965 Mediterranean Grand Prix","Jo Siffert"
"1950 Dutch Grand Prix","Louis Rosier"
"1971 Spring Trophy","Pedro Rodríguez de la Vega"
"1967 International Gold Cup","Jack Brabham"
"1979 Race of Champions","Gilles Villeneuve"
"2004 German Grand Prix","Michael Schumacher"
"1975 BRDC International Trophy","Niki Lauda"
"2011 Australian Grand Prix","Sebastian Vettel"
"2011 Indian Grand Prix",""
"2011 Korean Grand Prix",""
"2011 Spanish Grand Prix",""
"2009 Japanese Grand Prix",""
"2013 Korean Grand Prix","Sebastian Vettel"
"2013 Singapore Grand Prix",""
"2010 Malaysian Grand Prix","Sebastian Vettel"
"2019 Italian Grand Prix","Charles Leclerc"
"1934 German Grand Prix","Hans Stuck"
"2017 Abu Dhabi Grand Prix","Valtteri Bottas"
"2021 Turkish Grand Prix","Valtteri Bottas"
"1912 American Grand Prize","Caleb Smith Bragg"
"1961 Australian Grand Prix","Lex Davison"
"1954 II Cornwall MRC Formula 1 Race","John Coombs"
"2021 French Grand Prix","Max Verstappen"
"2021 Monaco Grand Prix",""
"2019 German Grand Prix",""
"2021 Emilia Romagna Grand Prix",""
"1980 Australian Grand Prix","(MBE)"
"1949 Italian Grand Prix","Alberto Ascari"
"1961 South African Grand Prix","Jim Clark"
"1965 Sunday Mirror Trophy","Jim Clark"
"1970 International Gold Cup","John Surtees"
"2008 Malaysian Grand Prix","Kimi Räikkönen"
"1937 French Grand Prix","Louis Chiron"
"1933 Monaco Grand Prix","Achille Varzi"
"1975 Swiss Grand Prix","Clay Regazzoni"
"1924 French Grand Prix","Giuseppe Campari"
"1957 Modena Grand Prix","Jean Behra"
"1959 BARC Aintree 200","Jean Behra"
"1960 German Grand Prix","Jo Bonnier"
"1957 Reims Grand Prix","Luigi Musso"
"1947 Pau Grand Prix","Nello Pagani"
"1957 Syracuse Grand Prix","Peter Collins"
"1981 Australian Grand Prix","Roberto Moreno"
"1966 BRDC International Trophy","Jack Brabham"
"2008 Italian Grand Prix","Sebastian Vettel"
"2015 Malaysian Grand Prix",""
"2020 Russian Grand Prix","Valtteri Bottas"
"1979 German Grand Prix","(MBE)"
"1979 German Grand Prix","Alan Jones"
"1980 Canadian Grand Prix","(MBE)"
"1980 Canadian Grand Prix","Alan Jones"
"1952 German Grand Prix","Alberto Ascari"
"1967 German Grand Prix","(OBE)"
"1968 Canadian Grand Prix","(OBE)"
"1969 Mexican Grand Prix","Denny Hulme"
"1972 South African Grand Prix","(OBE)"
"1974 Canadian Grand Prix","Emerson Fittipaldi"
"1969 Italian Grand Prix","Jackie Stewart"
"1976 Dutch Grand Prix","James Hunt"
"1976 Spanish Grand Prix","James Hunt"
"1963 Italian Grand Prix","(OBE)"
"1965 French Grand Prix","(OBE)"
"1979 Monaco Grand Prix","Jody Scheckter"
"1963 German Grand Prix","John Surtees"
"1961 Modena Grand Prix","Stirling Moss"
"1961 Monaco Grand Prix","Stirling Moss"
"1960 Italian Grand Prix","Phil Hill"
"1974 South African Grand Prix","Carlos Reutemann"
"1964 French Grand Prix","Dan Gurney"
"1961 French Grand Prix","Giancarlo Baghetti"
"1973 Australian Grand Prix","Graham McRae"
"1984 Mediterranean Grand Prix","Mike Thackwell"
"1978 Monaco Grand Prix","Patrick Depailler"
"1965 Cape South Easter Trophy","Paul Hawkins"
"1970 Belgian Grand Prix","Pedro Rodríguez de la Vega"
"1956 French Grand Prix","Peter Collins"
"1962 Natal Grand Prix","Trevor Taylor"
"1961 Lombank Trophy","Jack Brabham"
"1960 French Grand Prix","Jack Brabham"
"1955 Argentine Grand Prix","Juan Manuel Fangio"
"1955 Belgian Grand Prix","Juan Manuel Fangio"
"1955 Dutch Grand Prix","Juan Manuel Fangio"
"1956 German Grand Prix","Juan Manuel Fangio"
"2003 United States Grand Prix","Michael Schumacher"
"1976 Monaco Grand Prix","Niki Lauda"
"1977 German Grand Prix","Niki Lauda"
"1977 South African Grand Prix","Niki Lauda"
"1951 British Grand Prix","José Froilán González"
"1954 British Grand Prix","José Froilán González"
"1980 French Grand Prix","(MBE)"
"1988 Japanese Grand Prix","Ayrton Senna"
"1989 Spanish Grand Prix","Ayrton Senna"
"1990 Monaco Grand Prix","Ayrton Senna"
"1993 Monaco Grand Prix","Ayrton Senna"
"2003 Hungarian Grand Prix","Fernando Alonso"
"2004 Belgian Grand Prix","Kimi Räikkönen"
"1990 Japanese Grand Prix","Nelson Piquet"
"1986 Belgian Grand Prix","Nigel Mansell"
"1986 French Grand Prix","(CBE)"
"1992 Brazilian Grand Prix","Nigel Mansell"
"1992 Mexican Grand Prix","Nigel Mansell"
"2001 German Grand Prix","Ralf Schumacher"
"1999 French Grand Prix","Heinz-Harald Frentzen"
"1982 San Marino Grand Prix","Didier Pironi"
"1990 Hungarian Grand Prix","Thierry Boutsen"
"1993 Belgian Grand Prix","Damon Hill"
"1996 San Marino Grand Prix","Damon Hill"
"1984 Monaco Grand Prix","Alain Prost"
"1988 Portuguese Grand Prix","Alain Prost"
"1994 European Grand Prix","Michael Schumacher"
"1994 Hungarian Grand Prix","Michael Schumacher"
"1995 Belgian Grand Prix","Michael Schumacher"
"1995 German Grand Prix","Michael Schumacher"
"1995 Spanish Grand Prix","Michael Schumacher"
"1998 Hungarian Grand Prix","Michael Schumacher"
"2001 Spanish Grand Prix","Michael Schumacher"
"2002 Belgian Grand Prix","Michael Schumacher"
"1999 Japanese Grand Prix","Mika Häkkinen"
"1984 British Grand Prix","Niki Lauda"
"2001 Brazilian Grand Prix","David Coulthard"
"2005 San Marino Grand Prix","Fernando Alonso"
"1974 BRDC International Trophy","James Hunt"
"1965 Syracuse Grand Prix","(OBE)"
"1963 BRDC International Trophy","(OBE)"
"2005 British Grand Prix","Juan Pablo Montoya"
"2007 French Grand Prix","Kimi Räikkönen"
"2007 Australian Grand Prix","Kimi Räikkönen"
"1936 Italian Grand Prix","Bernd Rosemeyer"
"1970 BRDC International Trophy","(MBE)"
"1948 Italian Grand Prix","Jean-Pierre Wimille"
"1929 French Grand Prix","William Grover-Williams"
"1913 French Grand Prix","Georges Boillot"
"2015 Italian Grand Prix","Lewis Hamilton"
"2016 Austrian Grand Prix","Lewis Hamilton"
"2016 Canadian Grand Prix","Lewis Hamilton"
"2019 British Grand Prix","Lewis Hamilton"
"2019 Chinese Grand Prix","Lewis Hamilton"
"2007 Japanese Grand Prix","Lewis Hamilton"
"2007 United States Grand Prix","Lewis Hamilton"
"2014 Russian Grand Prix","Lewis Hamilton"
"2014 Spanish Grand Prix","Lewis Hamilton"
"1929 German Grand Prix","Louis Chiron"
"1926 German Grand Prix","Rudolf Caracciola"
"1957 Moroccan Grand Prix","Jean Behra"
"1948 Buenos Aires Grand Prix (II)","Luigi Villoresi"
"1981 BRDC International Trophy","Mike Thackwell"
"1949 Buenos Aires Grand Prix (II)","Oscar Alfredo Gálvez"
"1969 BRDC International Trophy","Jack Brabham"
"1964 Aintree 200","Jack Brabham"
"1955 Australian Grand Prix","Jack Brabham"
"2000 Australian Grand Prix","Michael Schumacher"
"2016 Australian Grand Prix","Nico Rosberg"
"2016 Chinese Grand Prix","Nico Rosberg"
"2016 Japanese Grand Prix","Nico Rosberg"
"2014 Brazilian Grand Prix","Nico Rosberg"
"2017 Bahrain Grand Prix",""
"2018 British Grand Prix","Sebastian Vettel"
"2015 Singapore Grand Prix",""
"2011 Belgian Grand Prix",""
"2011 Korean Grand Prix","Sebastian Vettel"
"2017 Hungarian Grand Prix","Sebastian Vettel"
"2013 Canadian Grand Prix",""
"2009 Chinese Grand Prix",""
"2010 Brazilian Grand Prix","Sebastian Vettel"
"2010 European Grand Prix","Sebastian Vettel"
"2010 European Grand Prix",""
"1953 Australian Grand Prix","Doug Whiteford"
"1950 Australian Grand Prix","Doug Whiteford"
"2021 French Grand Prix",""
"2019 Austrian Grand Prix","Max Verstappen"
"2010 Singapore Grand Prix","Fernando Alonso"
"2008 Singapore Grand Prix","Fernando Alonso"
"1961 Pau Grand Prix","(OBE)"
"1966 Syracuse Grand Prix","John Surtees"
"1961 Vienna Grand Prix","Stirling Moss"
"1950 BRDC International Trophy","Giuseppe Farina"
"1979 Pau Grand Prix","Eddie Cheever"
"1936 Tripoli Grand Prix","Achille Varzi"
"1921 Italian Grand Prix","Jules Goux"
"1938 Australian Grand Prix","Peter Whitehead"
"1950 Richmond Trophy","Reg Parnell"
"1962 Mexican Grand Prix","Trevor Taylor"
"1958 New Zealand Grand Prix","Jack Brabham"
"1956 Buenos Aires Grand Prix","Juan Manuel Fangio"
"1994 French Grand Prix","Michael Schumacher"
"2008 Italian Grand Prix",""
"2020 Sakhir Grand Prix","Sergio Pérez"
"1972 New Zealand Grand Prix","(OAM)"
"2020 Italian Grand Prix","Pierre Gasly"
"2021 Belgian Grand Prix","Max Verstappen"
"2021 Dutch Grand Prix","Max Verstappen"
"2021 Mexico City Grand Prix",""
"2021 United States Grand Prix",""
"1952 Italian Grand Prix","Alberto Ascari"
"1963 Monaco Grand Prix","Graham Hill"
"1965 Monaco Grand Prix","Graham Hill"
"1967 Australian Grand Prix","Jackie Stewart"
"1966 Monaco Grand Prix","Jackie Stewart"
"1972 Argentine Grand Prix","Jackie Stewart"
"1973 Dutch Grand Prix","Jackie Stewart"
"1963 Belgian Grand Prix","Jim Clark"
"1963 South African Grand Prix","Jim Clark"
"1965 British Grand Prix","(OBE)"
"1977 Italian Grand Prix","Mario Andretti"
"1977 Spanish Grand Prix","Mario Andretti"
"1978 Belgian Grand Prix","Mario Andretti"
"1958 French Grand Prix","Mike Hawthorn"
"1956 Italian Grand Prix","Stirling Moss"
"1960 Argentine Grand Prix","Bruce McLaren"
"1955 Monaco Grand Prix","Maurice Trintignant"
"1974 Monaco Grand Prix","Ronnie Peterson"
"2008 Australian Grand Prix","Lewis Hamilton"
"1975 Italian Grand Prix","Clay Regazzoni"
"1980 Belgian Grand Prix","Didier Pironi"
"1971 Austrian Grand Prix","Jo Siffert"
"1975 Spanish Grand Prix","Jochen Mass"
"1956 Argentine Grand Prix","Luigi Musso"
"1979 Spanish Grand Prix","Patrick Depailler"
"1967 South African Grand Prix","Pedro Rodríguez de la Vega"
"1971 World Championship Victory Race","Peter Gethin"
"1950 Goodwood Trophy","Reg Parnell"
"1965 Mexican Grand Prix","Richie Ginther"
"1975 Austrian Grand Prix","Vittorio Brambilla"
"1960 Belgian Grand Prix","Jack Brabham"
"1960 Dutch Grand Prix","Jack Brabham"
"1970 French Grand Prix","Jochen Rindt"
"1950 Coppa Acerbo","Juan Manuel Fangio"
"1954 Italian Grand Prix","Juan Manuel Fangio"
"2004 Malaysian Grand Prix","Michael Schumacher"
"1975 Belgian Grand Prix","Niki Lauda"
"1978 Swedish Grand Prix","Niki Lauda"
"1988 Belgian Grand Prix","Ayrton Senna"
"1988 Canadian Grand Prix","Ayrton Senna"
"1989 Mexican Grand Prix","Ayrton Senna"
"1990 Canadian Grand Prix","Ayrton Senna"
"1990 German Grand Prix","Ayrton Senna"
"1985 Australian Grand Prix","Keke Rosberg"
"1981 German Grand Prix","Nelson Piquet"
"1984 Canadian Grand Prix","Nelson Piquet"
"1987 Mexican Grand Prix","(CBE)"
"1987 Spanish Grand Prix","Nigel Mansell"
"1989 Hungarian Grand Prix","Nigel Mansell"
"1991 British Grand Prix","Nigel Mansell"
"1992 Portuguese Grand Prix","(CBE)"
"1992 Portuguese Grand Prix","Nigel Mansell"
"1992 San Marino Grand Prix","Nigel Mansell"
"2003 British Grand Prix","Rubens Barrichello"
"1989 Portuguese Grand Prix","Gerhard Berger"
"1992 Australian Grand Prix","Gerhard Berger"
"1999 European Grand Prix","Johnny Herbert"
"1982 Italian Grand Prix","René Arnoux"
"1993 Italian Grand Prix","(OBE)"
"1994 Italian Grand Prix","(OBE)"
"1995 Australian Grand Prix","Damon Hill"
"1996 French Grand Prix","(OBE)"
"1984 Brazilian Grand Prix","Alain Prost"
"1984 German Grand Prix","Alain Prost"
"1987 Brazilian Grand Prix","Alain Prost"
"1998 Argentine Grand Prix","Michael Schumacher"
"1998 British Grand Prix","Michael Schumacher"
"2000 Brazilian Grand Prix","Michael Schumacher"
"2000 Canadian Grand Prix","Michael Schumacher"
"2000 European Grand Prix","Michael Schumacher"
"2001 European Grand Prix","Michael Schumacher"
"2001 Hungarian Grand Prix","Michael Schumacher"
"2002 Austrian Grand Prix","Michael Schumacher"
"1999 Canadian Grand Prix","Mika Häkkinen"
"2000 Hungarian Grand Prix","Mika Häkkinen"
"2002 Monaco Grand Prix","(MBE)"
"2005 French Grand Prix","Fernando Alonso"
"2006 Canadian Grand Prix","Fernando Alonso"
"2011 British Grand Prix","Fernando Alonso"
"2007 Malaysian Grand Prix","Fernando Alonso"
"2013 Spanish Grand Prix","Fernando Alonso"
"2010 German Grand Prix","Fernando Alonso"
"2010 Italian Grand Prix","Fernando Alonso"
"1965 Syracuse Grand Prix","Jim Clark"
"1963 Imola Grand Prix","(OBE)"
"2005 Brazilian Grand Prix","Juan Pablo Montoya"
"2005 Belgian Grand Prix","Kimi Räikkönen"
"2009 Italian Grand Prix","Rubens Barrichello"
"1931 Belgian Grand Prix","William Grover-Williams"
"2006 Hungarian Grand Prix","Jenson Button"
"2009 Bahrain Grand Prix","Jenson Button"
"2018 Singapore Grand Prix","Lewis Hamilton"
"2015 Canadian Grand Prix","Lewis Hamilton"
"2016 German Grand Prix","Lewis Hamilton"
"2017 Canadian Grand Prix","Lewis Hamilton"
"2014 Chinese Grand Prix","Lewis Hamilton"
"2021 Portuguese Grand Prix","Lewis Hamilton"
"1930 Belgian Grand Prix","Louis Chiron"
"1935 Belgian Grand Prix","Rudolf Caracciola"
"1939 German Grand Prix","Rudolf Caracciola"
"1937 Italian Grand Prix","Rudolf Caracciola"
"1935 French Grand Prix","Rudolf Caracciola"
"1948 British Grand Prix","Luigi Villoresi"
"1948 Buenos Aires Grand Prix (I)","Luigi Villoresi"
"1984 BRDC International Trophy","Mike Thackwell"
"1961 Lewis-Evans Trophy","Tony Marsh"
"1947 San Remo Grand Prix","Yves Giraud-Cabantous"
"2018 New Zealand Grand Prix","Richard Verschoor"
"1963 Solitude Grand Prix","Jack Brabham"
"1994 San Marino Grand Prix","Michael Schumacher"
"2017 Australian Grand Prix","Sebastian Vettel"
"2011 Australian Grand Prix",""
"2011 Italian Grand Prix","Sebastian Vettel"
"2011 Italian Grand Prix",""
"2011 Singapore Grand Prix","Sebastian Vettel"
"2013 Belgian Grand Prix",""
"2013 Brazilian Grand Prix",""
"2013 Canadian Grand Prix","Sebastian Vettel"
"2010 Brazilian Grand Prix",""
"1963 Rome Grand Prix","Bob Anderson"
"2016 New Zealand Grand Prix","Lando Norris"
"1969 Madrid Grand Prix","Keith Holland"
"1958 Australian Grand Prix","Lex Davison"
"1960 Australian Grand Prix","Alec Mildren"
"2016 Spanish Grand Prix",""
"1980 Spanish Grand Prix","Alan Jones"
"1949 Swiss Grand Prix","Alberto Ascari"
"1964 Pau Grand Prix","(OBE)"
"1964 Pau Grand Prix","Jim Clark"
"1983 Race of Champions","Keke Rosberg"
"1959 International Gold Cup","Stirling Moss"
"1934 Moroccan Grand Prix","Louis Chiron"
"1933 Monaco Grand Prix",""
"1957 New Zealand Grand Prix","Reg Parnell"
"1988 Pau Grand Prix","Roberto Moreno"
"2016 Pau Grand Prix","Alessio Lorandi"
"1916 American Grand Prize","Johnny Aitken"
"1949 San Remo Grand Prix","Juan Manuel Fangio"
"2008 Hungarian Grand Prix","Heikki Kovalainen"
"2015 Malaysian Grand Prix","Sebastian Vettel"
"2006 New Zealand Grand Prix","Hamad Al Fardan (حمد الفردان)"
"1954 New Zealand Grand Prix","Stan Jones"
"2021 Belgian Grand Prix",""
"1979 Canadian Grand Prix","(MBE)"
"1980 Argentine Grand Prix","Alan Jones"
"1952 Dutch Grand Prix","Alberto Ascari"
"1974 Argentine Grand Prix","(OBE)"
"1972 Spanish Grand Prix","Emerson Fittipaldi"
"1963 Lombank Trophy","Graham Hill"
"1964 United States Grand Prix","Graham Hill"
"1969 Canadian Grand Prix","Jacky Ickx"
"1977 British Grand Prix","James Hunt"
"1977 Japanese Grand Prix","James Hunt"
"1968 Australian Grand Prix","Jim Clark"
"1961 Natal Grand Prix","(OBE)"
"1963 Belgian Grand Prix","(OBE)"
"1963 Dutch Grand Prix","Jim Clark"
"1964 Dutch Grand Prix","(OBE)"
"1967 British Grand Prix","Jim Clark"
"1976 Swedish Grand Prix","Jody Scheckter"
"1967 Italian Grand Prix","John Surtees"
"1971 South African Grand Prix","Mario Andretti"
"1978 Dutch Grand Prix","Mario Andretti"
"1978 German Grand Prix","Mario Andretti"
"1953 French Grand Prix","Mike Hawthorn"
"1973 Austrian Grand Prix","Ronnie Peterson"
"1974 Italian Grand Prix","Ronnie Peterson"
"1961 Flugplatzrennen","Innes Ireland"
"1973 Canadian Grand Prix","Peter Revson"
"1958 Indianapolis 500","Jimmy Bryan"
"1950 Indianapolis 500","Johnnie Parsons"
"1966 Italian Grand Prix","Ludovico Scarfiotti"
"1951 Syracuse Grand Prix","Luigi Villoresi"
"1956 Indianapolis 500","Pat Flaherty"
"1952 Swiss Grand Prix","Piero Taruffi"
"1957 British Grand Prix","Tony Brooks"
"1959 French Grand Prix","Tony Brooks"
"1966 British Grand Prix","Jack Brabham"
"1966 German Grand Prix","Jack Brabham"
"1950 French Grand Prix","Juan Manuel Fangio"
"1950 Monaco Grand Prix","Juan Manuel Fangio"
"1954 German Grand Prix","Juan Manuel Fangio"
"1922 Italian Grand Prix","Pietro Bordino"
"1981 British Grand Prix","(MBE)"
"1989 San Marino Grand Prix","Ayrton Senna"
"1991 San Marino Grand Prix","Ayrton Senna"
"1993 European Grand Prix","Ayrton Senna"
"2003 German Grand Prix","Juan Pablo Montoya"
"1983 Monaco Grand Prix","Keke Rosberg"
"1986 Brazilian Grand Prix","Nelson Piquet"
"1986 German Grand Prix","Nelson Piquet"
"1990 Australian Grand Prix","Nelson Piquet"
"1986 Portuguese Grand Prix","Nigel Mansell"
"1987 British Grand Prix","Nigel Mansell"
"1987 French Grand Prix","(CBE)"
"1990 Portuguese Grand Prix","Nigel Mansell"
"1991 German Grand Prix","Nigel Mansell"
"1991 Italian Grand Prix","Nigel Mansell"
"1991 Spanish Grand Prix","(CBE)"
"2002 Italian Grand Prix","Rubens Barrichello"
"1986 Mexican Grand Prix","Gerhard Berger"
"1995 Canadian Grand Prix","Jean Alesi"
"1989 Canadian Grand Prix","Thierry Boutsen"
"1993 Belgian Grand Prix","(OBE)"
"1993 Hungarian Grand Prix","Damon Hill"
"1994 Portuguese Grand Prix","(OBE)"
"1996 Australian Grand Prix","Damon Hill"
"1982 Brazilian Grand Prix","Alain Prost"
"1984 Dutch Grand Prix","Alain Prost"
"1985 British Grand Prix","Alain Prost"
"1987 Portuguese Grand Prix","Alain Prost"
"1993 South African Grand Prix","Alain Prost"
"1992 Belgian Grand Prix","Michael Schumacher"
"1994 Brazilian Grand Prix","Michael Schumacher"
"1995 Japanese Grand Prix","Michael Schumacher"
"2001 Belgian Grand Prix","Michael Schumacher"
"2002 San Marino Grand Prix","Michael Schumacher"
"2002 Spanish Grand Prix","Michael Schumacher"
"1992 Japanese Grand Prix","Riccardo Patrese"
"1999 British Grand Prix","(MBE)"
"2001 Brazilian Grand Prix","(MBE)"
"2002 Monaco Grand Prix","David Coulthard"
"2012 German Grand Prix","Fernando Alonso"
"2012 Malaysian Grand Prix","Fernando Alonso"
"2007 European Grand Prix","Fernando Alonso"
"1969 Race of Champions","Jackie Stewart"
"1961 Rand Grand Prix","Jim Clark"
"1963 BRDC International Trophy","Jim Clark"
"1962 International 2000 Guineas","John Surtees"
"2005 Turkish Grand Prix","Kimi Räikkönen"
"2012 Abu Dhabi Grand Prix","Kimi Räikkönen"
"1960 VII South African Grand Prix","Stirling Moss"
"1927 British Grand Prix","Robert Benoist"
"1962 Crystal Palace Trophy","Innes Ireland"
"2011 Hungarian Grand Prix","Jenson Button"
"2009 Monaco Grand Prix","Jenson Button"
"2009 Spanish Grand Prix","Jenson Button"
"2009 Turkish Grand Prix","Jenson Button"
"2010 Chinese Grand Prix","Jenson Button"
"2017 Chinese Grand Prix","Lewis Hamilton"
"2018 Abu Dhabi Grand Prix","Lewis Hamilton"
"2016 Abu Dhabi Grand Prix","Lewis Hamilton"
"2017 Spanish Grand Prix","Lewis Hamilton"
"2017 United States Grand Prix","Lewis Hamilton"
"2021 Qatar Grand Prix","Lewis Hamilton"
"2010 Hungarian Grand Prix","Mark Webber"
"2010 Monaco Grand Prix","Mark Webber"
"1946 Belgian Grand Prix","Eugène Chaboud"
"1933 French Grand Prix","Giuseppe Campari"
"1939 Swiss Grand Prix","Hermann Lang"
"1984 Australian Grand Prix","Roberto Moreno"
"1938 French Grand Prix","Manfred von Brauchitsch"
"1967 Spring Cup","Jack Brabham"
"1950 Nations Grand Prix","Juan Manuel Fangio"
"2004 Canadian Grand Prix","Michael Schumacher"
"2002 Australian Grand Prix","Michael Schumacher"
"1932 Italian Grand Prix","Tazio Nuvolari"
"2014 German Grand Prix","Nico Rosberg"
"2015 Hungarian Grand Prix",""
"2015 Singapore Grand Prix","Sebastian Vettel"
"2012 Indian Grand Prix",""
"2012 Korean Grand Prix",""
"2019 Singapore Grand Prix",""
"2009 Abu Dhabi Grand Prix","Sebastian Vettel"
"2009 Abu Dhabi Grand Prix",""
"2009 Japanese Grand Prix","Sebastian Vettel"
"2013 Italian Grand Prix","Sebastian Vettel"
"2013 United States Grand Prix",""
"2017 Russian Grand Prix","Valtteri Bottas"
"2019 United States Grand Prix","Valtteri Bottas"
"1952 Pau Grand Prix","Alberto Ascari"
"1976 Race of Champions","James Hunt"
"1961 Silver City Trophy","Stirling Moss"
"1959 New Zealand Grand Prix","Stirling Moss"
"1962 New Zealand Grand Prix","Stirling Moss"
"1937 Pau Grand Prix","Jean-Pierre Wimille"
"1923 Italian Grand Prix","Carlo Salamano"
"2014 New Zealand Grand Prix","Nick Cassidy"
"1975 Pau Grand Prix","Jacques Laffite"
"2014 Japanese Grand Prix","Lewis Hamilton"
"1978 Pau Grand Prix","Bruno Giacomelli"
"1961 Coppa Italia","Giancarlo Baghetti"
"1974 Pau Grand Prix","Patrick Depailler"
"1958 BRDC International Trophy","Peter Collins"
"1973 Race of Champions","Peter Gethin"
"1979 New Zealand Grand Prix","Teo Fabi"
"1987 Pau Grand Prix","Yannick Dalmas"
"1960 New Zealand Grand Prix","Jack Brabham"
"1949 Pau Grand Prix","Juan Manuel Fangio"
"1979 Dino Ferrari Grand Prix","Niki Lauda"
"1951 Buenos Aires Grand Prix (III)","John Fitch"
"2007 New Zealand Grand Prix","Daniel Gaunt"
"2015 New Zealand Grand Prix","Lance Stroll"
"2021 Mexico City Grand Prix","Max Verstappen"
"1928 Australian Grand Prix","Arthur Waite"
"1969 Mexican Grand Prix","(OBE)"
"1973 Swedish Grand Prix","(OBE)"
"1972 British Grand Prix","Emerson Fittipaldi"
"1973 Argentine Grand Prix","Emerson Fittipaldi"
"1973 Brazilian Grand Prix","Emerson Fittipaldi"
"1975 British Grand Prix","Emerson Fittipaldi"
"1969 British Grand Prix","Jackie Stewart"
"1969 Spanish Grand Prix","Jackie Stewart"
"1971 German Grand Prix","Jackie Stewart"
"1973 South African Grand Prix","Jackie Stewart"
"1970 Canadian Grand Prix","Jacky Ickx"
"1976 French Grand Prix","James Hunt"
"1962 Belgian Grand Prix","Jim Clark"
"1964 Belgian Grand Prix","(OBE)"
"1965 British Grand Prix","Jim Clark"
"1965 South African Grand Prix","(OBE)"
"2003 Malaysian Grand Prix","Kimi Räikkönen"
"1976 Japanese Grand Prix","Mario Andretti"
"1978 French Grand Prix","Mario Andretti"
"1950 Italian Grand Prix","Giuseppe Farina"
"1961 Belgian Grand Prix","Phil Hill"
"1975 German Grand Prix","Carlos Reutemann"
"1977 Brazilian Grand Prix","Carlos Reutemann"
"1962 French Grand Prix","Dan Gurney"
"2004 Monaco Grand Prix","Jarno Trulli"
"2008 British Grand Prix","Lewis Hamilton"
"1954 Indianapolis 500","Bill Vukovich"
"1970 Italian Grand Prix","Clay Regazzoni"
"1974 German Grand Prix","Clay Regazzoni"
"1950 Paris Grand Prix","Georges Grignard"
"1951 French Grand Prix","Luigi Fagioli"
"1950 Ulster Trophy","Peter Whitehead"
"1961 Dutch Grand Prix","Wolfgang von Trips"
"1964 Australian Grand Prix","Jack Brabham"
"1970 South African Grand Prix","Jack Brabham"
"1970 Dutch Grand Prix","Jochen Rindt"
"1956 British Grand Prix","Juan Manuel Fangio"
"1957 German Grand Prix","Juan Manuel Fangio"
"2000 New Zealand Grand Prix","Andy Booth"
"1982 Belgian Grand Prix","John Watson"
"1985 Belgian Grand Prix","Ayrton Senna"
"1988 Hungarian Grand Prix","Ayrton Senna"
"1988 San Marino Grand Prix","Ayrton Senna"
"1991 Hungarian Grand Prix","Ayrton Senna"
"1993 Australian Grand Prix","Ayrton Senna"
"1987 San Marino Grand Prix","Nigel Mansell"
"1987 Spanish Grand Prix","(CBE)"
"1991 British Grand Prix","(CBE)"
"1991 French Grand Prix","Nigel Mansell"
"1991 Spanish Grand Prix","Nigel Mansell"
"1992 German Grand Prix","Nigel Mansell"
"1992 South African Grand Prix","Nigel Mansell"
"1992 Spanish Grand Prix","(CBE)"
"1992 Canadian Grand Prix","Gerhard Berger"
"1995 Italian Grand Prix","Johnny Herbert"
"1996 Monaco Grand Prix","Olivier Panis"
"1983 Canadian Grand Prix","René Arnoux"
"1989 Japanese Grand Prix","Alessandro Nannini"
"1994 Belgian Grand Prix","(OBE)"
"1994 British Grand Prix","(OBE)"
"1994 Italian Grand Prix","Damon Hill"
"1994 Spanish Grand Prix","(OBE)"
"1995 Argentine Grand Prix","(OBE)"
"1996 Argentine Grand Prix","(OBE)"
"1981 Italian Grand Prix","Alain Prost"
"1984 San Marino Grand Prix","Alain Prost"
"1985 Monaco Grand Prix","Alain Prost"
"1988 Brazilian Grand Prix","Alain Prost"
"1988 Monaco Grand Prix","Alain Prost"
"1989 Italian Grand Prix","Alain Prost"
"1990 Brazilian Grand Prix","Alain Prost"
"1993 Canadian Grand Prix","Alain Prost"
"1996 Portuguese Grand Prix","Jacques Villeneuve"
"2003 Italian Grand Prix","Michael Schumacher"
"1997 European Grand Prix","Mika Häkkinen"
"1998 Japanese Grand Prix","Mika Häkkinen"
"1990 San Marino Grand Prix","Riccardo Patrese"
"1991 Portuguese Grand Prix","Riccardo Patrese"
"1995 Portuguese Grand Prix","(MBE)"
"1948 San Remo Grand Prix","Alberto Ascari"
"1972 International Gold Cup","(OBE)"
"1968 BRDC International Trophy","Denny Hulme"
"Grande Premio Presidente Emilio Medici","Emerson Fittipaldi"
"2006 Australian Grand Prix","Fernando Alonso"
"2007 Italian Grand Prix","Fernando Alonso"
"1969 International Gold Cup","Jacky Ickx"
"1964 Syracuse Grand Prix","John Surtees"
"2005 Canadian Grand Prix","Kimi Räikkönen"
"1971 Argentine Grand Prix","Chris Amon"
"1948 French Grand Prix","Jean-Pierre Wimille"
"1976 Australian Grand Prix","John Goss"
"2012 Belgian Grand Prix","Jenson Button"
"2009 Australian Grand Prix","Jenson Button"
"2015 Belgian Grand Prix","Lewis Hamilton"
"2015 British Grand Prix","Lewis Hamilton"
"2012 Hungarian Grand Prix","Lewis Hamilton"
"2016 Mexican Grand Prix","Lewis Hamilton"
"2009 Singapore Grand Prix","Lewis Hamilton"
"2010 Belgian Grand Prix","Lewis Hamilton"
"1931 French Grand Prix","Louis Chiron"
"1935 Swiss Grand Prix","Rudolf Caracciola"
"1955 Cornwall MRC Formula 1 Race","Sir Leslie Marr"
"1957 Naples Grand Prix","Peter Collins"
"1965 Rand Grand Prix","Jack Brabham"
"1957 Australian Grand Prix","Bill Patterson"
"2006 European Grand Prix","Michael Schumacher"
"2006 United States Grand Prix","Michael Schumacher"
"2001 Australian Grand Prix","Michael Schumacher"
"1931 Italian Grand Prix","Tazio Nuvolari"
"1933 Belgian Grand Prix","Tazio Nuvolari"
"2015 Brazilian Grand Prix","Nico Rosberg"
"2016 Belgian Grand Prix","Nico Rosberg"
"2016 Russian Grand Prix","Nico Rosberg"
"2014 Australian Grand Prix","Nico Rosberg"
"2011 Malaysian Grand Prix","Sebastian Vettel"
"2011 Singapore Grand Prix",""
"2011 Turkish Grand Prix",""
"2013 Bahrain Grand Prix","Sebastian Vettel"
"2013 Japanese Grand Prix",""
"2013 United States Grand Prix","Sebastian Vettel"
"2013 Malaysian Grand Prix","Sebastian Vettel"
"1951 Buenos Aires Grand Prix (II)","José Froilán González"
"1951 Buenos Aires Grand Prix (I)","José Froilán González"
"2019 Austrian Grand Prix",""
"1962 Glover Trophy","Graham Hill"
"1956 BRDC International Trophy","Stirling Moss"
"1961 Danish Grand Prix","Stirling Moss"
"1969 New Zealand Grand Prix","Chris Amon"
"1925 French Grand Prix","Robert Benoist"
"1976 New Zealand Grand Prix","Kenneth Smith"
"1963 Glover Trophy","Innes Ireland"
"2008 Chinese Grand Prix","Lewis Hamilton"
"2008 Monaco Grand Prix","Lewis Hamilton"
"2020 Spanish Grand Prix","Lewis Hamilton"
"1976 Pau Grand Prix","René Arnoux"
"1936 Tripoli Grand Prix",""
"1939 Pau Grand Prix","Hermann Lang"
"1967 Syracuse Grand Prix","Ludovico Scarfiotti"
"1958 Syracuse Grand Prix","Luigi Musso"
"1967 Pau Grand Prix","Jochen Rindt"
"1969 Pau Grand Prix","Jochen Rindt"
"1952 Buenos Aires Grand Prix (II)","Juan Manuel Fangio"
"1971 Australian Grand Prix","Frank Matich"
"1976 Austrian Grand Prix","John Watson"
"1979 Canadian Grand Prix","Alan Jones"
"1951 Italian Grand Prix","Alberto Ascari"
"1967 Monaco Grand Prix","(OBE)"
"1967 Monaco Grand Prix","Denny Hulme"
"1975 Argentine Grand Prix","Emerson Fittipaldi"
"1962 Dutch Grand Prix","Graham Hill"
"1968 Mexican Grand Prix","Graham Hill"
"1968 Spanish Grand Prix","Graham Hill"
"1974 Race of Champions","Jacky Ickx"
"1962 Aintree 200","Jim Clark"
"1962 British Grand Prix","(OBE)"
"1967 Mexican Grand Prix","(OBE)"
"1977 Monaco Grand Prix","Jody Scheckter"
"1966 Mexican Grand Prix","John Surtees"
"2003 Monaco Grand Prix","Juan Pablo Montoya"
"1977 French Grand Prix","Mario Andretti"
"1948 Monaco Grand Prix","Giuseppe Farina"
"1950 British Grand Prix","Giuseppe Farina"
"1978 Austrian Grand Prix","Ronnie Peterson"
"1912 French Grand Prix","Georges Boillot"
"1977 Swedish Grand Prix","Jacques Laffite"
"1979 Argentine Grand Prix","Jacques Laffite"
"1980 Brazilian Grand Prix","René Arnoux"
"1959 Indianapolis 500","Rodger Ward"
"1950 British Empire Trophy","Bob Gerard"
"1964 Austrian Grand Prix","Lorenzo Bandini"
"1947 Buenos Aires Grand Prix (II)","Luigi Villoresi"
"2003 Spanish Grand Prix","Michael Schumacher"
"2004 Spanish Grand Prix","Michael Schumacher"
"1977 Dutch Grand Prix","Niki Lauda"
"1934 Swiss Grand Prix","Hans Stuck"
"2020 New Zealand Grand Prix","Igor Fraga"
"1990 Belgian Grand Prix","Ayrton Senna"
"1992 Italian Grand Prix","Ayrton Senna"
"2004 Brazilian Grand Prix","Juan Pablo Montoya"
"1982 Swiss Grand Prix","Keke Rosberg"
"1980 Dutch Grand Prix","Nelson Piquet"
"1980 Italian Grand Prix","Nelson Piquet"
"1982 Canadian Grand Prix","Nelson Piquet"
"1983 Brazilian Grand Prix","Nelson Piquet"
"1985 French Grand Prix","Nelson Piquet"
"1986 Hungarian Grand Prix","Nelson Piquet"
"1985 European Grand Prix","(CBE)"
"1986 Belgian Grand Prix","(CBE)"
"1986 French Grand Prix","Nigel Mansell"
"1986 Portuguese Grand Prix","(CBE)"
"1987 French Grand Prix","Nigel Mansell"
"1987 San Marino Grand Prix","(CBE)"
"1992 Brazilian Grand Prix","(CBE)"
"1992 British Grand Prix","(CBE)"
"2002 Hungarian Grand Prix","Rubens Barrichello"
"1987 Australian Grand Prix","Gerhard Berger"
"2001 Canadian Grand Prix","Ralf Schumacher"
"1980 South African Grand Prix","René Arnoux"
"1983 German Grand Prix","René Arnoux"
"1982 Dutch Grand Prix","Didier Pironi"
"1994 British Grand Prix","Damon Hill"
"1995 Hungarian Grand Prix","Damon Hill"
"1995 San Marino Grand Prix","(OBE)"
"1981 French Grand Prix","Alain Prost"
"1984 Portuguese Grand Prix","Alain Prost"
"1988 Spanish Grand Prix","Alain Prost"
"1993 Spanish Grand Prix","Alain Prost"
"1996 British Grand Prix","Jacques Villeneuve"
"1997 Brazilian Grand Prix","Jacques Villeneuve"
"1994 Canadian Grand Prix","Michael Schumacher"
"1994 Monaco Grand Prix","Michael Schumacher"
"1996 Belgian Grand Prix","Michael Schumacher"
"2001 French Grand Prix","Michael Schumacher"
"1999 Spanish Grand Prix","Mika Häkkinen"
"2000 Austrian Grand Prix","Mika Häkkinen"
"2000 Belgian Grand Prix","Mika Häkkinen"
"2001 British Grand Prix","Mika Häkkinen"
"1982 Austrian Grand Prix","Elio de Angelis"
"1997 Australian Grand Prix","(MBE)"
"1998 San Marino Grand Prix","(MBE)"
"1963 Aintree 200","Graham Hill"
"1962 International Gold Cup","(OBE)"
"2005 Japanese Grand Prix","Kimi Räikkönen"
"2007 Brazilian Grand Prix","Kimi Räikkönen"
"2009 Belgian Grand Prix","Kimi Räikkönen"
"1959 Glover Trophy","Stirling Moss"
"1956 Australian Grand Prix","Stirling Moss"
"1962 Australian Grand Prix","Bruce McLaren"
"2020 British Grand Prix","Lewis Hamilton"
"2018 French Grand Prix","Lewis Hamilton"
"2018 Hungarian Grand Prix","Lewis Hamilton"
"2011 Chinese Grand Prix","Lewis Hamilton"
"2016 British Grand Prix","Lewis Hamilton"
"2017 Belgian Grand Prix","Lewis Hamilton"
"2017 British Grand Prix","Lewis Hamilton"
"2017 Italian Grand Prix","Lewis Hamilton"
"2017 Singapore Grand Prix","Lewis Hamilton"
"2014 Singapore Grand Prix","Lewis Hamilton"
"2009 Hungarian Grand Prix","Lewis Hamilton"
"1949 French Grand Prix","Louis Chiron"
"1928 Italian Grand Prix","Louis Chiron"
"1931 Italian Grand Prix","Giuseppe Campari"
"1926 French Grand Prix","Jules Goux"
"1962 Kanonloppet","Masten Gregory"
"1950 San Remo Grand Prix","Juan Manuel Fangio"
"2004 French Grand Prix","Michael Schumacher"
"2004 United States Grand Prix","Michael Schumacher"
"2006 San Marino Grand Prix","Michael Schumacher"
"1932 Monaco Grand Prix","Tazio Nuvolari"
"2017 Bahrain Grand Prix","Sebastian Vettel"
"2011 Belgian Grand Prix","Sebastian Vettel"
"2011 Turkish Grand Prix","Sebastian Vettel"
"2012 Singapore Grand Prix",""
"2009 British Grand Prix","Sebastian Vettel"
"2013 Japanese Grand Prix","Sebastian Vettel"
"2019 Japanese Grand Prix","Valtteri Bottas"
"2018 Mexican Grand Prix","Max Verstappen"
"2021 Monaco Grand Prix","Max Verstappen"
"2016 Spanish Grand Prix","Max Verstappen"
"1962 Mexican Grand Prix","(OBE)"
"1961 South African Grand Prix","(OBE)"
"1963 Pau Grand Prix","Jim Clark"
"1965 Pau Grand Prix","Jim Clark"
"1956 New Zealand Grand Prix","Stirling Moss"
"1969 New Zealand Grand Prix","(MBE)"
"1959 Pau Grand Prix","Maurice Trintignant"
"2020 Portuguese Grand Prix","Lewis Hamilton"
"2020 Styrian Grand Prix","Lewis Hamilton"
"2020 Tuscan Grand Prix","Lewis Hamilton"
"1955 Avon Trophy","Harry Schell"
"1954 Pau Grand Prix","Jean Behra"
"1962 Mediterranean Grand Prix","Lorenzo Bandini"
"1949 Belgian Grand Prix","Louis Rosier"
"1960 VI South African Grand Prix","Paul Frère"
"1936 Pau Grand Prix","Philippe Étancelin"
"1971 Pau Grand Prix","Reine Wisell"
"1973 Singapore Grand Prix","Vern Schuppan"
"1962 Naples Grand Prix","Willy Mairesse"
"1966 Pau Grand Prix","Jack Brabham"
"1952 Australian Grand Prix","Doug Whiteford"
"1972 New Zealand Grand Prix","Frank Gardner"
"1979 Dutch Grand Prix","Alan Jones"
"1952 Belgian Grand Prix","Alberto Ascari"
"1972 French Grand Prix","Jackie Stewart"
"1972 German Grand Prix","Jacky Ickx"
"1976 Canadian Grand Prix","James Hunt"
"1962 Lombank Trophy","(OBE)"
"1962 Belgian Grand Prix","(OBE)"
"1962 British Grand Prix","Jim Clark"
"1963 British Grand Prix","(OBE)"
"1963 British Grand Prix","Jim Clark"
"1963 Italian Grand Prix","Jim Clark"
"1965 German Grand Prix","Jim Clark"
"1967 Dutch Grand Prix","Jim Clark"
"1968 South African Grand Prix","(OBE)"
"1978 Argentine Grand Prix","Mario Andretti"
"1957 British Grand Prix","Stirling Moss"
"1957 Italian Grand Prix","Stirling Moss"
"1961 German Grand Prix","Stirling Moss"
"1962 Reims Grand Prix","Bruce McLaren"
"1969 Australian Grand Prix","Chris Amon"
"1947 Swiss Grand Prix","Jean-Pierre Wimille"
"1958 Monaco Grand Prix","Maurice Trintignant"
"1973 Italian Grand Prix","Ronnie Peterson"
"1976 Italian Grand Prix","Ronnie Peterson"
"1978 South African Grand Prix","Ronnie Peterson"
"2008 German Grand Prix","Lewis Hamilton"
"2012 United States Grand Prix","Lewis Hamilton"
"1978 Australian Grand Prix","Graham McRae"
"1977 Belgian Grand Prix","Gunnar Nilsson"
"1972 Monaco Grand Prix","Jean-Pierre Beltoise"
"1951 Indianapolis 500","Lee Wallard"
"1985 BRDC International Trophy","Mike Thackwell"
"1971 Italian Grand Prix","Peter Gethin"
"1979 South African Grand Prix","Gilles Villeneuve"
"1957 Monaco Grand Prix","Juan Manuel Fangio"
"1978 Italian Grand Prix","Niki Lauda"
"2012 Chinese Grand Prix","Nico Rosberg"
"1991 Australian Grand Prix","Ayrton Senna"
"1991 Belgian Grand Prix","Ayrton Senna"
"1993 Japanese Grand Prix","Ayrton Senna"
"1981 San Marino Grand Prix","Nelson Piquet"
"1987 Hungarian Grand Prix","Nelson Piquet"
"1992 German Grand Prix","(CBE)"
"2002 European Grand Prix","Rubens Barrichello"
"1991 Japanese Grand Prix","Gerhard Berger"
"2003 French Grand Prix","Ralf Schumacher"
"1981 Canadian Grand Prix","Jacques Laffite"
"1994 Japanese Grand Prix","(OBE)"
"1996 Canadian Grand Prix","(OBE)"
"1981 Dutch Grand Prix","Alain Prost"
"1988 Australian Grand Prix","Alain Prost"
"1988 Mexican Grand Prix","Alain Prost"
"1990 French Grand Prix","Alain Prost"
"1993 French Grand Prix","Alain Prost"
"1996 Hungarian Grand Prix","Jacques Villeneuve"
"1997 Spanish Grand Prix","Jacques Villeneuve"
"1995 French Grand Prix","Michael Schumacher"
"1996 Spanish Grand Prix","Michael Schumacher"
"1997 Japanese Grand Prix","Michael Schumacher"
"1998 Canadian Grand Prix","Michael Schumacher"
"2000 San Marino Grand Prix","Michael Schumacher"
"2002 German Grand Prix","Michael Schumacher"
"1998 Monaco Grand Prix","Mika Häkkinen"
"1998 Spanish Grand Prix","Mika Häkkinen"
"1999 Brazilian Grand Prix","Mika Häkkinen"
"2000 Spanish Grand Prix","Mika Häkkinen"
"1982 British Grand Prix","Niki Lauda"
"1984 Austrian Grand Prix","Niki Lauda"
"1985 Canadian Grand Prix","Michele Alboreto"
"2000 French Grand Prix","(MBE)"
"2006 Spanish Grand Prix","Fernando Alonso"
"2005 Bahrain Grand Prix","Fernando Alonso"
"2010 Korean Grand Prix","Fernando Alonso"
"1964 Rand Grand Prix","Graham Hill"
"1962 BRDC International Trophy","Graham Hill"
"1970 Race of Champions","Jackie Stewart"
"1971 Jochen Rindt Gedächtnisrennen","Jacky Ickx"
"1967 Spanish Grand Prix","(OBE)"
"2007 Belgian Grand Prix","Kimi Räikkönen"
"1971 Questor Grand Prix","Mario Andretti"
"1962 Lavant Cup","Bruce McLaren"
"1970 BRDC International Trophy","Chris Amon"
"1962 Solitude Grand Prix","Dan Gurney"
"2018 Brazilian Grand Prix","Lewis Hamilton"
"2018 German Grand Prix","Lewis Hamilton"
"2015 Japanese Grand Prix","Lewis Hamilton"
"2016 United States Grand Prix","Lewis Hamilton"
"2010 Canadian Grand Prix","Lewis Hamilton"
"1934 French Grand Prix","Louis Chiron"
"1937 San Remo Grand Prix",""
"1948 Zandvoort Grand Prix","Birabongse Bhanudej"
"1971 Race of Champions","Clay Regazzoni"
"1950 Sheffield Telegraph Trophy","Cuth Harrison"
"1983 Pau Grand Prix","Jo Gartner"
"1926 San Sebastián Grand Prix","Jules Goux"
"1947 Buenos Aires Grand Prix (I)","Luigi Villoresi"
"2004 European Grand Prix","Michael Schumacher"
"2016 Singapore Grand Prix","Nico Rosberg"
"2012 Korean Grand Prix","Sebastian Vettel"
"2017 Hungarian Grand Prix",""
"2009 British Grand Prix",""
"2013 Abu Dhabi Grand Prix","Sebastian Vettel"
"2013 Belgian Grand Prix","Sebastian Vettel"
"2013 Brazilian Grand Prix","Sebastian Vettel"
"2010 Abu Dhabi Grand Prix",""
"2010 Japanese Grand Prix","Sebastian Vettel"
"2019 Brazilian Grand Prix",""
"1980 Spanish Grand Prix","(MBE)"
"1968 Pau Grand Prix","Jackie Stewart"
"1964 News of the World Trophy","Jim Clark"
"1978 New Zealand Grand Prix","Keke Rosberg"
"2013 New Zealand Grand Prix","Nick Cassidy"
"2015 Australian Grand Prix","Lewis Hamilton"
"2020 Emilia Romagna Grand Prix","Lewis Hamilton"
"2020 Turkish Grand Prix","Lewis Hamilton"
"2021 Russian Grand Prix","Lewis Hamilton"
"2010 Spanish Grand Prix","Mark Webber"
"1924 Italian Grand Prix","Antonio Ascari"
"1949 Zandvoort Grand Prix","Luigi Villoresi"
"1959 BRDC International Trophy","Jack Brabham"
"1961 New Zealand Grand Prix","Jack Brabham"
"1935 Pau Grand Prix","Tazio Nuvolari"
"2009 New Zealand Grand Prix","Daniel Gaunt"
"2021 Austrian Grand Prix",""
"2021 Dutch Grand Prix",""
"1977 Austrian Grand Prix","(MBE)"
"1968 Canadian Grand Prix","Denny Hulme"
"1972 South African Grand Prix","Denny Hulme"
"1972 Italian Grand Prix","Emerson Fittipaldi"
"1962 German Grand Prix","Graham Hill"
"1968 Dutch Grand Prix","Jackie Stewart"
"1969 Dutch Grand Prix","Jackie Stewart"
"1969 French Grand Prix","Jackie Stewart"
"1971 Monaco Grand Prix","Jackie Stewart"
"1973 Belgian Grand Prix","Jackie Stewart"
"1969 German Grand Prix","Jacky Ickx"
"1970 Mexican Grand Prix","Jacky Ickx"
"1964 Belgian Grand Prix","Jim Clark"
"1965 Belgian Grand Prix","Jim Clark"
"1965 Dutch Grand Prix","Jim Clark"
"1965 South African Grand Prix","Jim Clark"
"1967 Dutch Grand Prix","(OBE)"
"1967 Mexican Grand Prix","Jim Clark"
"1974 British Grand Prix","Jody Scheckter"
"1975 South African Grand Prix","Jody Scheckter"
"1979 Italian Grand Prix","Jody Scheckter"
"1954 Spanish Grand Prix","Mike Hawthorn"
"1958 Dutch Grand Prix","Stirling Moss"
"1958 Moroccan Grand Prix","Stirling Moss"
"1961 Italian Grand Prix","Phil Hill"
"1974 French Grand Prix","Ronnie Peterson"
"1953 Indianapolis 500","Bill Vukovich"
"1951 Richmond Trophy","Birabongse Bhanudej"
"1955 Indianapolis 500","Bob Sweikert"
"1972 Australian Grand Prix","Graham McRae"
"1939 Belgian Grand Prix","Hermann Lang"
"1960 Indianapolis 500","Jim Rathmann"
"1968 British Grand Prix","Jo Siffert"
"1958 British Grand Prix","Peter Collins"
"1958 German Grand Prix","Tony Brooks"
"1967 Canadian Grand Prix","Jack Brabham"
"1970 German Grand Prix","Jochen Rindt"
"2003 San Marino Grand Prix","Michael Schumacher"
"1982 Belgian Grand Prix","(MBE)"
"1985 European Grand Prix","Nigel Mansell"
"1986 British Grand Prix","Nigel Mansell"
"1986 Canadian Grand Prix","Nigel Mansell"
"1991 German Grand Prix","(CBE)"
"1992 British Grand Prix","Nigel Mansell"
"1992 San Marino Grand Prix","(CBE)"
"1999 Australian Grand Prix","Eddie Irvine"
"1999 Austrian Grand Prix","Eddie Irvine"
"1988 Italian Grand Prix","Gerhard Berger"
"1997 San Marino Grand Prix","Heinz-Harald Frentzen"
"1981 Austrian Grand Prix","Jacques Laffite"
"1982 German Grand Prix","Patrick Tambay"
"1989 Australian Grand Prix","Thierry Boutsen"
"1993 Italian Grand Prix","Damon Hill"
"1994 Spanish Grand Prix","Damon Hill"
"1995 Argentine Grand Prix","Damon Hill"
"1996 Brazilian Grand Prix","(OBE)"
"1996 Brazilian Grand Prix","Damon Hill"
"1996 Canadian Grand Prix","Damon Hill"
"1996 San Marino Grand Prix","(OBE)"
"1982 South African Grand Prix","Alain Prost"
"1985 Italian Grand Prix","Alain Prost"
"1988 French Grand Prix","Alain Prost"
"1997 Argentine Grand Prix","Jacques Villeneuve"
"1993 Portuguese Grand Prix","Michael Schumacher"
"1995 Brazilian Grand Prix","Michael Schumacher"
"2002 Brazilian Grand Prix","Michael Schumacher"
"2003 Canadian Grand Prix","Michael Schumacher"
"2004 British Grand Prix","Michael Schumacher"
"1998 Luxembourg Grand Prix","Mika Häkkinen"
"1999 Hungarian Grand Prix","Mika Häkkinen"
"1984 French Grand Prix","Niki Lauda"
"1984 Belgian Grand Prix","Michele Alboreto"
"1997 Australian Grand Prix","David Coulthard"
"2000 Monaco Grand Prix","(MBE)"
"2000 Monaco Grand Prix","David Coulthard"
"1949 Buenos Aires Grand Prix (I)","Alberto Ascari"
"1972 Race of Champions","Emerson Fittipaldi"
"2006 Monaco Grand Prix","Fernando Alonso"
"2006 Japanese Grand Prix","Fernando Alonso"
"2007 Monaco Grand Prix","Fernando Alonso"
"1965 New Zealand Grand Prix","Graham Hill"
"1966 Australian Grand Prix","Graham Hill"
"1968 International Gold Cup","Jackie Stewart"
"1961 Rand Grand Prix","(OBE)"
"1971 International Gold Cup","John Surtees"
"2005 Hungarian Grand Prix","Kimi Räikkönen"
"2004 Chinese Grand Prix","Rubens Barrichello"
"1961 International Gold Cup","Stirling Moss"
"1960 International Gold Cup","Stirling Moss"
"1968 New Zealand Grand Prix","(MBE)"
"1947 Belgian Grand Prix","Jean-Pierre Wimille"
"1927 French Grand Prix","Robert Benoist"
"1981 South African Grand Prix","Carlos Reutemann"
"1960 BRDC International Trophy","Innes Ireland"
"2011 Canadian Grand Prix","Jenson Button"
"2011 Abu Dhabi Grand Prix","Lewis Hamilton"
"2019 Abu Dhabi Grand Prix","Lewis Hamilton"
"2019 French Grand Prix","Lewis Hamilton"
"2007 Hungarian Grand Prix","Lewis Hamilton"
"2013 Hungarian Grand Prix","Lewis Hamilton"
"2014 Italian Grand Prix","Lewis Hamilton"
"2015 United States Grand Prix","Lewis Hamilton"
"2010 British Grand Prix","Mark Webber"
"2011 Brazilian Grand Prix","Mark Webber"
"1935 Spanish Grand Prix","Rudolf Caracciola"
"1936 Monaco Grand Prix","Rudolf Caracciola"
"1954 I Cornwall MRC Formula 1 Race","John Riseley-Prichard"
"1982 Pau Grand Prix","Johnny Cecotto"
"1956 Naples Grand Prix","Robert Manzon"
"1937 Monaco Grand Prix","Manfred von Brauchitsch"
"1964 BRDC International Trophy","Jack Brabham"
"1961 Brussels Grand Prix","Jack Brabham"
"1970 Pau Grand Prix","Jochen Rindt"
"1952 Buenos Aires Grand Prix (I)","Juan Manuel Fangio"
"2006 Italian Grand Prix","Michael Schumacher"
"2015 Abu Dhabi Grand Prix","Nico Rosberg"
"2015 Spanish Grand Prix","Nico Rosberg"
"2018 British Grand Prix",""
"2011 Malaysian Grand Prix",""
"2011 Monaco Grand Prix","Sebastian Vettel"
"2013 Indian Grand Prix","Sebastian Vettel"
"2013 Italian Grand Prix",""
"2013 Singapore Grand Prix","Sebastian Vettel"
"2009 Chinese Grand Prix","Sebastian Vettel"
"2020 Austrian Grand Prix","Valtteri Bottas"
"2021 Styrian Grand Prix",""
"2019 German Grand Prix","Max Verstappen"
"2021 Emilia Romagna Grand Prix","Max Verstappen"
"1980 Australian Grand Prix","Alan Jones"
"1953 Pau Grand Prix","Alberto Ascari"
"2008 Japanese Grand Prix","Fernando Alonso"
"1962 Mexican Grand Prix","Jim Clark"
"1964 News of the World Trophy","(OBE)"
"1965 Pau Grand Prix","(OBE)"
"1963 New Zealand Grand Prix","John Surtees"
"1956 Glover Trophy","Stirling Moss"
"2021 British Grand Prix","Lewis Hamilton"
"1977 Pau Grand Prix","René Arnoux"
"1955 New Zealand Grand Prix","Birabongse Bhanudej"
"1961 Naples Grand Prix","Giancarlo Baghetti"
"1957 BRDC International Trophy","Jean Behra"
"1951 Dutch Grand Prix","Louis Rosier"
"1967 Syracuse Grand Prix","Mike Parkes"
"1955 Syracuse Grand Prix","Tony Brooks"
"1982 Australian Grand Prix","Alain Prost"
"1935 German Grand Prix","Tazio Nuvolari"
"1970 Australian Grand Prix","Frank Matich"
"2021 United States Grand Prix","Max Verstappen"
"1979 Austrian Grand Prix","(MBE)"
"1980 Argentine Grand Prix","(MBE)"
"1949 BRDC International Trophy","Alberto Ascari"
"1967 German Grand Prix","Denny Hulme"
"1972 Austrian Grand Prix","Emerson Fittipaldi"
"1973 Spanish Grand Prix","Emerson Fittipaldi"
"1971 Canadian Grand Prix","Jackie Stewart"
"1971 French Grand Prix","Jackie Stewart"
"1971 Spanish Grand Prix","Jackie Stewart"
"1962 Lombank Trophy","Jim Clark"
"1963 French Grand Prix","(OBE)"
"1964 British Grand Prix","(OBE)"
"1964 British Grand Prix","Jim Clark"
"1964 Dutch Grand Prix","Jim Clark"
"1968 South African Grand Prix","Jim Clark"
"1977 Argentine Grand Prix","Jody Scheckter"
"1964 German Grand Prix","John Surtees"
"1964 Italian Grand Prix","John Surtees"
"2013 Australian Grand Prix","Kimi Räikkönen"
"1958 Argentine Grand Prix","Stirling Moss"
"1959 Italian Grand Prix","Stirling Moss"
"1953 Buenos Aires Grand Prix","Giuseppe Farina"
"1951 Belgian Grand Prix","Giuseppe Farina"
"1978 Brazilian Grand Prix","Carlos Reutemann"
"1975 Brazilian Grand Prix","José Carlos Pace"
"1914 French Grand Prix","Christian Lautenschlager"
"1908 French Grand Prix","Christian Lautenschlager"
"1950 Nottingham Trophy","David Hampshire"
"1979 French Grand Prix","Jean-Pierre Jabouille"
"1966 Canadian Grand Prix","Mark Donohue"
"1961 Canadian Grand Prix","Peter Ryan"
"1958 Italian Grand Prix","Tony Brooks"
"1966 International Gold Cup","Jack Brabham"
"1966 French Grand Prix","Jack Brabham"
"1954 Swiss Grand Prix","Juan Manuel Fangio"
"2004 San Marino Grand Prix","Michael Schumacher"
"1975 French Grand Prix","Niki Lauda"
"1976 Belgian Grand Prix","Niki Lauda"
"1976 British Grand Prix","Niki Lauda"
"1976 South African Grand Prix","Niki Lauda"
"1936 Hungarian Grand Prix","Tazio Nuvolari"
"1923 French Grand Prix","Sir Henry Segrave"
"2003 Australian Grand Prix","(MBE)"
"1985 Portuguese Grand Prix","Ayrton Senna"
"1986 Spanish Grand Prix","Ayrton Senna"
"1987 Monaco Grand Prix","Ayrton Senna"
"1989 Belgian Grand Prix","Ayrton Senna"
"1989 German Grand Prix","Ayrton Senna"
"1989 Monaco Grand Prix","Ayrton Senna"
"1991 Brazilian Grand Prix","Ayrton Senna"
"1986 British Grand Prix","(CBE)"
"1986 Canadian Grand Prix","(CBE)"
"1987 Mexican Grand Prix","Nigel Mansell"
"1989 Hungarian Grand Prix","(CBE)"
"1991 French Grand Prix","(CBE)"
"1991 Italian Grand Prix","(CBE)"
"1992 French Grand Prix","Nigel Mansell"
"2000 German Grand Prix","Rubens Barrichello"
"1994 German Grand Prix","Gerhard Berger"
"1981 Belgian Grand Prix","Carlos Reutemann"
"1999 Italian Grand Prix","Heinz-Harald Frentzen"
"1982 French Grand Prix","René Arnoux"
"1983 San Marino Grand Prix","Patrick Tambay"
"1994 Japanese Grand Prix","Damon Hill"
"1995 Hungarian Grand Prix","(OBE)"
"1998 Belgian Grand Prix","Damon Hill"
"1983 Austrian Grand Prix","Alain Prost"
"1989 British Grand Prix","Alain Prost"
"1990 Spanish Grand Prix","Alain Prost"
"1993 British Grand Prix","Alain Prost"
"1993 German Grand Prix","Alain Prost"
"1997 French Grand Prix","Michael Schumacher"
"1999 Monaco Grand Prix","Michael Schumacher"
"2002 Canadian Grand Prix","Michael Schumacher"
"2003 Austrian Grand Prix","Michael Schumacher"
"1998 Austrian Grand Prix","Mika Häkkinen"
"1982 Monaco Grand Prix","Riccardo Patrese"
"1995 Portuguese Grand Prix","David Coulthard"
"2000 British Grand Prix","(MBE)"
"1949 Buenos Aires Grand Prix (III)","Alberto Ascari"
"2005 European Grand Prix","Fernando Alonso"
"2005 German Grand Prix","Fernando Alonso"
"1966 New Zealand Grand Prix","Graham Hill"
"1971 BRDC International Trophy","Graham Hill"
"1977 Race of Champions","James Hunt"
"1963 International Gold Cup","Jim Clark"
"1963 Kanonloppet","Jim Clark"
"1962 Rand Grand Prix","Jim Clark"
"1963 Rand Grand Prix","John Surtees"
"2005 Monaco Grand Prix","Kimi Räikkönen"
"2007 British Grand Prix","Kimi Räikkönen"
"2007 Chinese Grand Prix","Kimi Räikkönen"
"1971 Argentine Grand Prix","(MBE)"
"2011 Japanese Grand Prix","Jenson Button"
"2012 Australian Grand Prix","Jenson Button"
"2012 Brazilian Grand Prix","Jenson Button"
"2015 Chinese Grand Prix","Lewis Hamilton"
"2011 German Grand Prix","Lewis Hamilton"
"2016 Brazilian Grand Prix","Lewis Hamilton"
"2019 Hungarian Grand Prix","Lewis Hamilton"
"2019 Spanish Grand Prix","Lewis Hamilton"
"2007 Canadian Grand Prix","Lewis Hamilton"
"2014 Abu Dhabi Grand Prix","Lewis Hamilton"
"2014 Malaysian Grand Prix","Lewis Hamilton"
"2014 United States Grand Prix","Lewis Hamilton"
"2012 Monaco Grand Prix","Mark Webber"
"2009 Brazilian Grand Prix","Mark Webber"
"1932 German Grand Prix","Rudolf Caracciola"
"1963 Syracuse Grand Prix","Jo Siffert"
"1933 Italian Grand Prix","Luigi Fagioli"
"1957 Glover Trophy","Stuart Lewis-Evans"
"1949 British Grand Prix","Emmanuel de Graffenried"
"2004 Hungarian Grand Prix","Michael Schumacher"
"2006 Chinese Grand Prix","Michael Schumacher"
"2015 Austrian Grand Prix","Nico Rosberg"
"2016 Bahrain Grand Prix","Nico Rosberg"
"2013 Monaco Grand Prix","Nico Rosberg"
"2018 Canadian Grand Prix","Sebastian Vettel"
"2015 Hungarian Grand Prix","Sebastian Vettel"
"2011 European Grand Prix","Sebastian Vettel"
"2011 Monaco Grand Prix",""
"2012 Bahrain Grand Prix",""
"2013 German Grand Prix",""
"2013 Malaysian Grand Prix",""
"2010 Japanese Grand Prix",""
"2010 Malaysian Grand Prix",""
"2019 Belgian Grand Prix","Charles Leclerc"
"1935 Italian Grand Prix","Hans Stuck"
"2019 Azerbaijan Grand Prix","Valtteri Bottas"
"1954 Australian Grand Prix","Lex Davison"
"2012 Spanish Grand Prix","Pastor Maldonado"
"1963 Pau Grand Prix","(OBE)"
"1961 Glover Trophy","John Surtees"
"1977 New Zealand Grand Prix","Keke Rosberg"
"1956 BARC Aintree 200","Stirling Moss"
"1962 Pau Grand Prix","Maurice Trintignant"
"1927 Italian Grand Prix","Robert Benoist"
"2015 Russian Grand Prix","Lewis Hamilton"
"1955 Pau Grand Prix","Jean Behra"
"1951 Pau Grand Prix","Luigi Villoresi"
"2017 New Zealand Grand Prix","Jehan Daruvala"
"1963 Australian Grand Prix","Jack Brabham"
"1950 Pau Grand Prix","Juan Manuel Fangio"
"1956 Syracuse Grand Prix","Juan Manuel Fangio"
"1980 New Zealand Grand Prix","Steve Millen"
"1926 Spanish Grand Prix","Bartolomeo ""Meo"" Costantini"
